INSERT INTO roles (id, name) VALUES (1,'Authorized Customer'),
                                    (2,'Unauthorized Customer'),
                                    (3,'Courier'),
                                    (4,'Courier manager'),
                                    (5,'Restaurant manager'),
                                    (6,'Superadmin');


INSERT INTO permissions (id, description) VALUES (1,'create_profile'),
                                                 (2,'create_orders'),
                                                 (3,'create_menu'),
                                                 (4,'create_restaurant_manager_feedback'),
                                                 (5,'create_courier'),
                                                 (6,'create_customer_profile'),
                                                 (7,'create_restaurant_manager'),
                                                 (8,'create_courier_manager'),
                                                 (9,'create_restaurant_info'),
                                                 (10,'create_courier_service_information'),
                                                 (11,'create_active_orders'),
                                                 (12,'create_completed_orders'),
                                                 (13,'create_order_status'),
                                                 (14,'create_customer_feedback'),
                                                 (15,'create_feedback'),

                                                 (16,'read_restaurant_info'),
                                                 (17,'read_menu'),
                                                 (18,'read_customers_feedback'),
                                                 (19,'read_profile'),
                                                 (20,'read_courier'),
                                                 (21,'read_active_orders'),
                                                 (22,'read_completed_orders'),
                                                 (23,'read_order_status'),
                                                 (24,'read_restaurant_manager_feedback'),
                                                 (25,'read_courier_manager'),
                                                 (26,'read_courier_service_information'),
                                                 (27,'read_customer_profile'),
                                                 (28,'read_restaurant_manager'),

                                                 (29,'update_profile'),
                                                 (30,'update_order_status'),
                                                 (31,'update_feedback'),
                                                 (32,'update_restaurant_manager'),
                                                 (33,'update_restaurant_info'),
                                                 (34,'update_menu'),
                                                 (35,'update_active_orders'),
                                                 (36,'update_restaurant_manager_feedback'),
                                                 (37,'update_courier_manager'),
                                                 (38,'update_courier'),
                                                 (39,'update_courier_service_information'),
                                                 (40,'update_customer_profile'),
                                                 (41,'update_completed_orders'),
                                                 (42,'update_customer_feedback'),

                                                 (43,'delete_profile'),
                                                 (44,'delete_active_orders'),
                                                 (45,'delete_feedback'),
                                                 (46,'delete_menu'),
                                                 (47,'delete_courier'),
                                                 (48,'delete_customer_profile'),
                                                 (49,'delete_restaurant_manager'),
                                                 (50,'delete_courier_manager'),
                                                 (51,'delete_restaurant_info'),
                                                 (52,'delete_courier_service_information'),
                                                 (53,'delete_completed_orders'),
                                                 (54,'delete_order_status'),
                                                 (55,'delete_customer_feedback'),
                                                 (56,'delete_restaurant_manager_feedback');


INSERT INTO role_permissions (role_id, permission_id) VALUES (1,1),
                                                             (1,2),
                                                             (1,15),
                                                             (1,19),
                                                             (1,20),
                                                             (1,16),
                                                             (1,17),
                                                             (1,21),
                                                             (1,22),
                                                             (1,23),
                                                             (1,18),
                                                             (1,24),
                                                             (1,29),
                                                             (1,30),
                                                             (1,31),
                                                             (1,43),
                                                             (1,44),
                                                             (1,45),

                                                             (2,1),
                                                             (2,16),
                                                             (2,17),
                                                             (2,18),

                                                             (3,19),
                                                             (3,25),
                                                             (3,20),
                                                             (3,16),
                                                             (3,26),
                                                             (3,21),
                                                             (3,22),
                                                             (3,23),
                                                             (3,30),

                                                             (4,5),
                                                             (4,27),
                                                             (4,25),
                                                             (4,20),
                                                             (4,16),
                                                             (4,26),
                                                             (4,21),
                                                             (4,22),
                                                             (4,23),
                                                             (4,37),
                                                             (4,38),
                                                             (4,39),
                                                             (4,47),


                                                             (5,3),
                                                             (5,4),
                                                             (5,27),
                                                             (5,28),
                                                             (5,20),
                                                             (5,16),
                                                             (5,17),
                                                             (5,21),
                                                             (5,22),
                                                             (5,23),
                                                             (5,18),
                                                             (5,24),
                                                             (5,32),
                                                             (5,33),
                                                             (5,34),
                                                             (5,35),
                                                             (5,30),
                                                             (5,36),
                                                             (5,46),
                                                             (5,56),

                                                             (6,6),
                                                             (6,7),
                                                             (6,8),
                                                             (6,5),
                                                             (6,9),
                                                             (6,3),
                                                             (6,10),
                                                             (6,11),
                                                             (6,12),
                                                             (6,13),
                                                             (6,14),
                                                             (6,4),
                                                             (6,27),
                                                             (6,28),
                                                             (6,25),
                                                             (6,20),
                                                             (6,16),
                                                             (6,17),
                                                             (6,26),
                                                             (6,21),
                                                             (6,22),
                                                             (6,23),
                                                             (6,18),
                                                             (6,24),
                                                             (6,40),
                                                             (6,32),
                                                             (6,37),
                                                             (6,38),
                                                             (6,33),
                                                             (6,34),
                                                             (6,35),
                                                             (6,39),
                                                             (6,41),
                                                             (6,42),
                                                             (6,30),
                                                             (6,36),
                                                             (6,48),
                                                             (6,49),
                                                             (6,50),
                                                             (6,51),
                                                             (6,47),
                                                             (6,44),
                                                             (6,46),
                                                             (6,52),
                                                             (6,53),
                                                             (6,54),
                                                             (6,55),
                                                             (6,56);
